Country,Year,Co2 Emission ,Per Capita Income,Labour Force,Literacy Rate,Total Energy Consumption,Urban Population Percentage,Number of tourists per year,Urban Population,Oil Product Per person,Natural Gas per person,Coal and Lignite per person
China,1999,3258.13,3765.00,724569908.00,90.92,1099.00,34.87,27047000.00,436766058.00,0.18,0.02,0.98
USA,1999,5832.25,44576.00,160751840.00,100.00,2452.00,78.78,68275000.00,243831291.00,2.82,2.05,3.06
India,1999,995.23,1935.00,388214321.00,61.01,431.00,27.45,2482000.00,284978106.00,0.09,0.03,0.35
Russia,1999,1512.98,7421.00,73091449.00,99.44,608.00,73.35,18820000.00,107987645.00,0.82,2.62,1.57
United Kingdom,1999,560.51,32245.00,29051272.00,100.00,221.00,78.59,23341000.00,46119137.00,1.20,1.69,0.96
Australia,1999,344.06,34643.00,9414985.00,100.00,106.00,84.37,4459000.00,15967866.00,1.86,1.14,6.74
Japan,1999,1239.84,31980.00,67828257.00,100.00,509.00,78.52,4438000.00,99434460.00,1.84,0.63,1.09
Brazil,1999,316.28,8279.00,76565679.00,86.37,187.00,80.50,5107000.00,138709641.00,0.50,0.04,0.12
Germany,1999,896.88,33145.00,40297288.00,100.00,335.00,74.76,17116000.00,61376500.00,1.51,1.08,2.88
Indonesia,1999,244.10,3582.00,97235541.00,90.38,144.00,40.79,4728000.00,85098300.00,0.24,0.17,0.11
France,1999,425.67,29973.00,27218527.00,100.00,251.76,75.61,73147000.00,45743988.00,1.46,0.65,0.40
Mexico,1999,392.32,10391.00,38499234.00,90.54,150.00,74.44,19043000.00,72568684.00,0.86,0.38,0.13
Italy,1999,464.60,31992.00,23303539.00,100.00,169.00,67.16,36516000.00,38226137.00,1.54,1.19,0.31
Turkey,1999,203.95,10735.00,22203014.00,87.37,70.00,64.22,6893000.00,40002835.00,0.46,0.20,1.22
South Korea,1999,398.33,21070.00,22327670.00,100.00,174.00,79.38,4660000.00,37006183.00,1.86,0.49,1.27
Spain,1999,300.18,24842.00,301366.00,100.00,116.00,47.52,410000.00,19189824.00,1.46,0.38,1.07
Saudi Arabia,1999,225.98,17375.00,6033496.00,79.35,94.00,79.62,6585000.00,16078075.00,2.49,1.69,0.00
Canada,1999,550.04,35222.00,15934997.00,100.00,246.00,79.10,19411000.00,24048329.00,2.87,2.86,1.96
Iran,1999,379.63,6862.00,18240325.00,77.00,126.00,63.32,1321000.00,41030621.00,0.97,0.91,0.03
Thailand,1999,174.13,6713.00,34406892.00,92.65,71.00,30.97,8651000.00,19293244.00,0.50,0.31,0.35
Egypt,1999,124.50,5220.00,19563733.00,71.41,42.00,42.75,4490000.00,28862915.00,0.35,0.26,0.02
Poland,1999,327.65,12902.00,17165879.00,98.74,24.00,61.67,17950000.00,23842562.00,0.49,0.32,3.78
Nigeria,1999,40.02,2668.00,37011197.00,54.77,83.00,34.30,776000.00,40910972.00,0.07,0.06,0.00
Malaysia,1999,106.89,10962.00,9257649.00,88.69,43.00,60.74,7931000.00,13764926.00,0.83,1.01,0.14
Netherlands,1999,170.99,36238.00,7963539.00,100.00,75.00,76.03,9874000.00,12021931.00,1.50,3.10,0.75
Argentina,1999,146.51,15150.00,16209281.00,97.19,61.00,88.95,2898000.00,32438320.00,0.71,0.97,0.03
South Africa,1999,374.32,8142.00,16212973.00,88.72,109.00,56.41,5890000.00,25011815.00,0.38,0.04,3.43
Colombia,1999,55.03,6748.00,17813941.00,92.80,26.00,73.53,546000.00,28676311.00,0.28,0.17,0.10
UAE,1999,77.54,86829.00,1648831.00,90.03,32.00,79.81,3393000.00,2367192.00,2.37,10.42,0.00
Algeria,1999,91.67,7359.00,8668123.00,69.87,27.00,59.12,749000.00,18103945.00,0.26,0.64,0.03
Belgium,1999,124.75,31291.00,4367000.00,100.00,57.00,97.07,6369000.00,9926274.00,2.20,1.57,1.03
Norway,1999,42.71,43291.00,2380166.00,100.00,26.00,75.57,3223000.00,3371823.00,1.97,1.23,0.35
China,2000,3349.29,4071.00,733292392.00,90.92,1130.00,35.88,31229000.00,452999147.00,0.19,0.02,1.03
USA,2000,6000.61,45887.00,162957494.00,100.00,2523.00,79.10,71197000.00,247519375.00,2.77,2.11,3.14
India,2000,1029.64,2003.00,396512424.00,61.01,441.00,27.67,2649000.00,292322757.00,0.10,0.03,0.36
Russia,2000,1499.62,8604.00,73461169.00,99.44,619.00,73.35,21169000.00,107528575.00,0.81,2.67,1.58
United Kingdom,2000,567.06,34390.00,29296964.00,100.00,222.00,78.65,23212000.00,46319551.00,1.15,1.75,1.02
Australia,2000,350.19,36001.00,9601187.00,100.00,108.00,84.24,4931000.00,16133530.00,1.90,1.18,6.68
Japan,2000,1262.73,33294.00,67652881.00,100.00,519.00,78.65,4757000.00,99760751.00,1.80,0.65,1.16
Brazil,2000,324.23,8316.00,78573635.00,86.37,188.00,81.19,5313000.00,141915773.00,0.50,0.05,0.13
Germany,2000,900.96,33975.00,40257417.00,100.00,337.00,74.97,18983000.00,61629857.00,1.47,1.07,2.97
Indonesia,2000,265.98,3472.00,98569084.00,90.38,156.00,42.00,5064000.00,88840036.00,0.24,0.15,0.12
France,2000,420.65,31771.00,27436873.00,100.00,254.80,75.87,77190000.00,46214923.00,1.42,0.66,0.39
Mexico,2000,397.90,11338.00,39253418.00,90.54,150.00,74.72,20641000.00,73899942.00,0.89,0.40,0.13
Italy,2000,470.77,33185.00,23335098.00,100.00,172.00,67.22,41181000.00,38277624.00,1.51,1.24,0.33
Turkey,2000,226.03,11830.00,21414874.00,87.37,76.00,64.74,9586000.00,40942334.00,0.47,0.23,1.27
South Korea,2000,445.44,22930.00,22812969.00,100.00,190.00,79.62,5322000.00,37428328.00,1.90,0.58,1.53
Spain,2000,311.93,26424.00,302207.00,100.00,122.00,47.91,294000.00,19435252.00,1.50,0.43,1.13
Saudi Arabia,2000,296.35,20129.00,6364894.00,79.35,98.00,79.85,6585000.00,16499665.00,2.53,1.82,0.00
Canada,2000,572.53,37446.00,16190364.00,100.00,254.00,79.48,19627000.00,24388404.00,2.85,2.98,2.07
Iran,2000,369.26,7573.00,19110969.00,77.00,123.00,64.04,1342000.00,42026541.00,0.99,0.95,0.03
Thailand,2000,179.26,6921.00,35147919.00,92.65,72.00,31.39,9579000.00,19758316.00,0.48,0.35,0.35
Egypt,2000,140.35,5269.00,20039432.00,71.41,40.00,42.80,5116000.00,29457843.00,0.33,0.26,0.02
Poland,2000,317.10,13207.00,17318950.00,98.74,25.00,61.72,17400000.00,23611695.00,0.49,0.34,3.69
Nigeria,2000,75.76,2657.00,37993680.00,54.77,87.00,34.84,813000.00,42603693.00,0.08,0.06,0.00
Malaysia,2000,124.54,12269.00,9533588.00,88.69,49.00,61.98,10222000.00,14375105.00,0.82,1.18,0.17
Netherlands,2000,171.94,39923.00,8159146.00,100.00,76.00,76.80,10003000.00,12229998.00,1.47,3.09,0.79
Argentina,2000,141.72,14918.00,16446835.00,97.19,62.00,89.14,2909000.00,32867357.00,0.67,1.01,0.02
South Africa,2000,377.73,8478.00,16686737.00,88.72,111.00,56.89,5872000.00,25582579.00,0.36,0.04,3.50
Colombia,2000,56.22,6860.00,18289974.00,92.80,26.00,73.96,557000.00,29309135.00,0.28,0.19,0.12
UAE,2000,111.79,105222.00,1758737.00,90.03,32.00,80.24,3907000.00,2514646.00,2.37,9.53,0.00
Algeria,2000,87.44,8255.00,8878121.00,69.87,27.00,59.92,866000.00,18600197.00,0.27,0.63,0.02
Belgium,2000,126.79,33427.00,4411179.00,100.00,58.00,97.13,6457000.00,9956937.00,2.19,1.58,1.13
Norway,2000,42.22,54594.00,2404600.00,100.00,26.00,76.02,3104000.00,3414033.00,1.84,0.92,0.35
China,2001,3426.14,4400.00,737279754.00,90.92,1168.00,37.09,33167000.00,471767321.00,0.19,0.02,1.08
USA,2001,5902.46,45878.00,164197617.00,100.00,2476.00,79.29,66884000.00,250612588.00,2.79,1.99,3.04
India,2001,1035.64,2086.00,406948124.00,61.01,448.00,27.92,2537000.00,300118524.00,0.10,0.03,0.36
Russia,2001,1538.24,8892.00,72143553.00,99.44,625.00,73.35,21595000.00,107067618.00,0.82,2.71,1.55
United Kingdom,2001,575.93,35182.00,29261119.00,100.00,223.00,78.75,20982000.00,46557334.00,1.14,1.71,1.08
Australia,2001,357.67,36266.00,9787771.00,100.00,106.00,84.10,4856000.00,16326333.00,1.86,1.23,6.60
Japan,2001,1248.09,33086.00,67601019.00,100.00,511.00,79.99,4772000.00,101706485.00,1.75,0.65,1.19
Brazil,2001,332.99,8188.00,80498221.00,86.37,191.00,81.55,4773000.00,144508698.00,0.49,0.07,0.12
Germany,2001,917.48,34560.00,40339408.00,100.00,346.00,75.17,17861000.00,61902439.00,1.49,1.11,3.03
Indonesia,2001,297.77,3506.00,98970132.00,90.38,159.00,42.78,5153000.00,91738482.00,0.25,0.16,0.13
France,2001,425.88,32740.00,27511524.00,100.00,260.19,76.13,75202000.00,46709571.00,1.46,0.69,0.33
Mexico,2001,412.63,11300.00,39738979.00,90.54,155.00,75.05,19810000.00,75268749.00,0.86,0.40,0.15
Italy,2001,476.20,34002.00,23454084.00,100.00,172.00,67.28,39563000.00,38333314.00,1.49,1.25,0.35
Turkey,2001,209.53,11025.00,21768238.00,87.37,70.00,65.34,10783000.00,41943212.00,0.43,0.25,1.13
South Korea,2001,448.55,23412.00,23182765.00,100.00,193.00,79.94,5147000.00,37867709.00,1.88,0.61,1.64
Spain,2001,313.89,27372.00,307433.00,100.00,125.00,48.30,348000.00,19730749.00,1.54,0.46,1.02
Saudi Arabia,2001,296.57,18761.00,6577941.00,79.35,100.00,80.08,6727000.00,16978440.00,2.61,1.84,0.00
Canada,2001,564.64,36884.00,16458983.00,100.00,250.00,79.81,19679000.00,24757782.00,2.86,2.81,2.03
Iran,2001,394.93,8709.00,20051740.00,77.00,133.00,64.76,1402000.00,43031116.00,1.03,1.00,0.03
Thailand,2001,192.38,7120.00,35863663.00,92.65,74.00,32.55,10133000.00,20680738.00,0.47,0.41,0.39
Egypt,2001,124.29,5485.00,20375664.00,71.41,46.00,42.84,4357000.00,30055505.00,0.32,0.33,0.02
Poland,2001,313.55,13286.00,17575061.00,98.74,25.00,61.76,15000000.00,23622394.00,0.48,0.35,3.68
Nigeria,2001,85.44,2676.00,38927763.00,54.77,91.00,35.67,850000.00,44726802.00,0.10,0.06,0.00
Malaysia,2001,134.17,11799.00,9796208.00,88.69,51.00,62.92,12775000.00,14918252.00,0.84,1.21,0.20
Netherlands,2001,177.08,40005.00,8307265.00,100.00,78.00,77.83,9500000.00,12488742.00,1.49,3.13,0.84
Argentina,2001,133.31,13913.00,16634521.00,97.19,59.00,89.33,2620000.00,33297967.00,0.61,0.94,0.02
South Africa,2001,371.14,8678.00,17085100.00,88.72,107.00,57.37,5787000.00,26143328.00,0.37,0.05,3.42
Colombia,2001,55.25,6813.00,18745678.00,92.80,26.00,74.38,616000.00,29941986.00,0.27,0.19,0.12
UAE,2001,100.60,96214.00,1895442.00,90.03,40.00,80.66,4134000.00,2663808.00,2.38,10.80,0.01
Algeria,2001,83.78,8153.00,9104651.00,69.87,27.00,60.71,901000.00,19094843.00,0.27,0.64,0.03
Belgium,2001,126.13,33294.00,4307572.00,100.00,58.00,97.19,6452000.00,9997106.00,2.24,1.57,1.07
Norway,2001,43.56,54330.00,2415947.00,100.00,27.00,76.38,3073000.00,3447513.00,1.92,1.01,0.31
China,2002,3782.44,4793.00,743494680.00,90.92,1246.00,38.43,36803000.00,491993700.00,0.20,0.02,1.17
USA,2002,5943.65,46267.00,165511422.00,100.00,2507.00,79.46,63922000.00,253516141.00,2.64,2.04,3.04
India,2002,1047.60,2177.00,417726506.00,61.01,462.00,28.24,2384000.00,308796507.00,0.10,0.03,0.37
Russia,2002,1528.96,9248.00,73089379.00,99.44,622.00,73.34,23309000.00,106568907.00,0.80,2.73,1.51
United Kingdom,2002,560.04,35384.00,29589057.00,100.00,224.00,79.05,22307000.00,46930583.00,1.13,1.69,0.99
Australia,2002,362.21,37409.00,9944764.00,100.00,109.00,84.22,4841000.00,16550802.00,1.81,1.33,6.62
Japan,2002,1277.24,33215.00,67173003.00,100.00,512.00,81.65,5239000.00,104055019.00,1.77,0.67,1.25
Brazil,2002,327.43,8190.00,83053192.00,86.37,196.00,81.88,3785000.00,147005321.00,0.48,0.08,0.11
Germany,2002,900.96,34674.00,40456694.00,100.00,339.00,75.37,17969000.00,62174878.00,1.43,1.10,3.06
Indonesia,2002,307.58,3521.00,98792409.00,90.38,165.00,43.57,5033000.00,94698443.00,0.24,0.16,0.13
France,2002,420.92,33151.00,27855198.00,100.00,260.86,76.38,77012000.00,47206863.00,1.39,0.68,0.34
Mexico,2002,413.97,11311.00,40701145.00,90.27,155.00,75.37,19667000.00,76634718.00,0.82,0.44,0.16
Italy,2002,477.71,32909.00,23711230.00,100.00,173.00,67.38,39799000.00,38447500.00,1.52,1.23,0.36
Turkey,2002,217.65,10973.00,22073032.00,87.37,74.00,65.97,12790000.00,42979004.00,0.45,0.27,1.02
South Korea,2002,463.63,25246.00,23638557.00,100.00,201.00,80.30,5347000.00,38258247.00,1.88,0.60,1.57
Spain,2002,334.01,28263.00,311771.00,100.00,129.00,48.69,398000.00,20173854.00,1.53,0.52,1.11
Saudi Arabia,2002,325.68,20208.00,6853670.00,79.35,111.00,80.30,7511000.00,17510539.00,2.73,2.10,0.00
Canada,2002,570.89,37037.00,16942435.00,100.00,251.00,79.89,20057000.00,25052940.00,2.85,2.91,1.99
Iran,2002,397.80,10106.00,21050579.00,77.00,138.00,65.47,1585000.00,44050010.00,0.99,1.11,0.03
Thailand,2002,205.78,7586.00,36321497.00,92.65,82.00,33.73,10873000.00,21613066.00,0.53,0.44,0.39
Egypt,2002,125.78,5527.00,20737159.00,71.41,47.00,42.89,4906000.00,30659220.00,0.32,0.36,0.02
Poland,2002,305.73,13713.00,17379278.00,98.74,26.00,61.79,13980000.00,23621395.00,0.47,0.35,3.57
Nigeria,2002,93.40,2897.00,39914966.00,54.77,94.00,36.51,887000.00,46947855.00,0.10,0.06,0.00
Malaysia,2002,132.22,12341.00,10059223.00,88.69,53.00,63.86,13292000.00,15458510.00,0.86,1.19,0.24
Netherlands,2002,176.37,40263.00,8443016.00,100.00,78.00,79.11,9595000.00,12775902.00,1.50,3.08,0.83
Argentina,2002,124.38,11871.00,16689404.00,97.19,57.00,89.51,2820000.00,33728934.00,0.55,0.91,0.01
South Africa,2002,355.45,9147.00,17439701.00,88.72,103.00,57.90,6430000.00,26720456.00,0.37,0.05,3.48
Colombia,2002,54.85,6846.00,19157655.00,92.80,25.00,74.80,567000.00,30573543.00,0.26,0.19,0.11
UAE,2002,83.75,92970.00,2047571.00,90.03,40.00,81.07,5445000.00,2820140.00,2.43,10.23,0.04
Algeria,2002,89.41,8462.00,9324677.00,69.87,29.00,61.50,988000.00,19591211.00,0.29,0.66,0.04
Belgium,2002,126.44,34649.00,4350412.00,100.00,56.00,97.24,6720000.00,10047703.00,2.11,1.61,0.92
Norway,2002,42.67,53736.00,2438080.00,100.00,25.00,76.73,3111000.00,3482266.00,1.91,1.00,0.27
China,2003,4452.31,5122.00,750772785.00,90.92,1420.00,39.78,32970000.00,512473984.00,0.22,0.03,1.38
USA,2003,5991.32,47158.00,166529729.00,100.00,2525.00,79.62,59009000.00,256244701.00,2.67,1.96,3.09
India,2003,1091.87,2351.00,428791387.00,61.01,474.00,28.57,2726000.00,317584393.00,0.10,0.03,0.37
Russia,2003,1562.47,10121.00,72966415.00,99.44,645.00,73.37,22521000.00,106132766.00,0.82,2.88,1.54
United Kingdom,2003,571.60,35354.00,29868944.00,100.00,220.00,79.34,22787000.00,47323791.00,1.14,1.69,1.07
Australia,2003,369.73,37889.00,10124793.00,100.00,110.00,84.34,4746000.00,16780377.00,1.91,1.33,6.55
Japan,2003,1285.39,33576.00,67065336.00,100.00,509.00,83.20,5212000.00,106256267.00,1.75,0.69,1.30
Brazil,2003,317.51,8038.00,84745847.00,86.37,199.00,82.20,4133000.00,149452654.00,0.45,0.08,0.11
Germany,2003,901.97,34976.00,40660184.00,100.00,337.00,75.58,18399000.00,62376854.00,1.41,1.08,3.08
Indonesia,2003,316.85,3496.00,99692187.00,90.38,165.00,44.36,4467000.00,97720468.00,0.25,0.16,0.18
France,2003,428.00,31556.00,28422203.00,100.00,267.45,76.63,75048000.00,47699501.00,1.39,0.71,0.34
Mexico,2003,439.79,11480.00,41177206.00,90.27,165.00,75.68,18665000.00,78013778.00,0.80,0.49,0.19
Italy,2003,491.48,32463.00,24017191.00,100.00,182.00,67.50,39604000.00,38686985.00,1.50,1.36,0.39
Turkey,2003,232.96,10387.00,21909698.00,87.37,78.00,66.60,13341000.00,44016864.00,0.43,0.32,0.98
South Korea,2003,462.41,26041.00,23662545.00,100.00,206.00,80.65,4753000.00,38626122.00,1.88,0.63,1.66
Spain,2003,337.98,27722.00,315781.00,100.00,133.00,49.09,431000.00,20707806.00,1.55,0.58,1.01
Saudi Arabia,2003,326.52,21012.00,7199194.00,79.35,113.00,80.53,7332000.00,18084339.00,2.82,2.10,0.00
Canada,2003,587.60,37953.00,17343225.00,100.00,264.00,79.97,17534000.00,25304780.00,3.03,3.01,1.98
Iran,2003,413.99,11245.00,22089672.00,77.00,143.00,66.17,1546000.00,45078311.00,0.98,1.21,0.03
Thailand,2003,221.92,8309.00,36750063.00,92.65,89.00,34.94,10082000.00,22554369.00,0.58,0.46,0.39
Egypt,2003,146.46,5591.00,21577985.00,71.41,49.00,42.94,5746000.00,31267885.00,0.31,0.39,0.02
Poland,2003,318.42,13678.00,17300168.00,98.74,25.00,61.68,13720000.00,23563051.00,0.50,0.38,3.68
Nigeria,2003,101.31,2998.00,40890770.00,54.77,98.00,37.36,924000.00,49272800.00,0.09,0.08,0.00
Malaysia,2003,156.39,12765.00,10336204.00,88.69,57.00,64.78,10577000.00,15999895.00,0.81,1.23,0.34
Netherlands,2003,179.82,39325.00,8482131.00,100.00,81.00,80.34,9181000.00,13035570.00,1.64,3.08,0.85
Argentina,2003,134.62,12636.00,17037741.00,97.19,61.00,89.69,2995000.00,34159485.00,0.58,0.99,0.02
South Africa,2003,403.24,9250.00,17286622.00,88.72,116.00,58.45,6505000.00,27305501.00,0.38,0.03,3.65
Colombia,2003,56.73,6982.00,19727002.00,92.80,26.00,75.21,625000.00,31200433.00,0.25,0.18,0.11
UAE,2003,105.68,93566.00,2244738.00,90.03,39.00,81.47,5871000.00,3024185.00,2.46,9.87,0.05
Algeria,2003,91.05,9071.00,9542737.00,69.87,31.00,62.28,1166000.00,20095408.00,0.30,0.71,0.03
Belgium,2003,127.95,34312.00,4381675.00,100.00,58.00,97.30,6690000.00,10095562.00,2.20,1.70,0.89
Norway,2003,43.92,55874.00,2408232.00,100.00,27.00,77.08,3269000.00,3518773.00,2.03,1.10,0.26
China,2004,5125.89,5595.00,757166810.00,90.92,1615.00,41.14,41761000.00,533257098.00,0.25,0.03,1.58
USA,2004,6106.62,48493.00,167810808.00,100.00,2579.00,79.79,65503000.00,259163359.00,2.74,1.95,3.10
India,2004,1145.55,2502.00,440082586.00,61.01,499.00,28.90,3457000.00,326495067.00,0.10,0.03,0.39
Russia,2004,1570.86,11526.00,73672474.00,99.44,647.00,73.42,22064000.00,105771150.00,0.81,2.93,1.49
United Kingdom,2004,573.20,36320.00,30142912.00,100.00,224.00,79.63,25678000.00,47767769.00,1.15,1.71,1.02
Australia,2004,383.20,39031.00,10245145.00,100.00,112.00,84.46,5215000.00,17000206.00,1.95,1.36,6.74
Japan,2004,1280.04,34354.00,66725257.00,100.00,524.00,84.64,6138000.00,108136910.00,1.72,0.69,1.33
Brazil,2004,333.68,8365.00,87309369.00,88.62,210.00,82.52,4794000.00,151843988.00,0.46,0.10,0.12
Germany,2004,888.00,35908.00,40562739.00,100.00,339.00,75.78,20137000.00,62529997.00,1.38,1.09,3.07
Indonesia,2004,340.08,3758.00,101653635.00,90.38,176.00,45.15,5321000.00,100811250.00,0.27,0.15,0.16
France,2004,428.93,32202.00,28622463.00,100.00,271.31,76.88,74433000.00,48209404.00,1.38,0.73,0.33
Mexico,2004,440.80,12193.00,42962596.00,90.95,167.00,76.00,20618000.00,79428213.00,0.82,0.52,0.17
Italy,2004,495.53,32380.00,24546166.00,100.00,183.00,67.62,37071000.00,39006818.00,1.45,1.40,0.44
Turkey,2004,241.91,11558.00,21874677.00,87.37,81.00,67.23,16826000.00,45048098.00,0.43,0.33,0.97
South Korea,2004,478.61,27413.00,24117234.00,100.00,212.00,81.00,5818000.00,38947802.00,1.84,0.67,1.68
Spain,2004,354.29,28220.00,320133.00,100.00,140.00,49.48,504000.00,21237324.00,1.56,0.66,1.04
Saudi Arabia,2004,394.58,24468.00,7567499.00,82.86,120.00,80.75,8599000.00,18680566.00,2.95,2.21,0.00
Canada,2004,585.83,39211.00,17553022.00,100.00,270.00,80.05,19145000.00,25566897.00,3.10,2.90,1.87
Iran,2004,442.09,12682.00,23139237.00,77.00,156.00,66.87,1659000.00,46107032.00,1.02,1.34,0.03
Thailand,2004,240.24,8898.00,37285788.00,92.65,96.00,36.17,11737000.00,23508150.00,0.63,0.48,0.43
Egypt,2004,149.14,5736.00,22427266.00,71.41,53.00,42.98,7795000.00,31879899.00,0.36,0.38,0.02
Poland,2004,322.54,14183.00,17265334.00,98.74,26.00,61.56,14290000.00,23506503.00,0.53,0.40,3.66
Nigeria,2004,103.99,3131.00,41723316.00,54.77,99.00,38.21,962000.00,51708640.00,0.09,0.08,0.00
Malaysia,2004,162.09,13695.00,10621458.00,88.69,61.00,65.69,15703000.00,16548747.00,0.85,1.29,0.42
Netherlands,2004,181.45,39959.00,8539576.00,100.00,82.00,81.51,9646000.00,13271929.00,1.65,3.15,0.83
Argentina,2004,157.03,13664.00,17396580.00,97.19,67.00,89.86,3457000.00,34588886.00,0.64,1.07,0.02
South Africa,2004,448.54,9628.00,17128032.00,88.72,126.00,58.99,6678000.00,27898739.00,0.39,0.07,3.83
Colombia,2004,54.55,7240.00,19736811.00,92.85,26.00,75.62,791000.00,31817837.00,0.26,0.19,0.09
UAE,2004,111.87,92250.00,2531671.00,90.03,42.00,81.87,6195000.00,3330979.00,2.28,9.74,0.05
Algeria,2004,87.85,9516.00,9762793.00,69.87,31.00,63.06,1234000.00,20616005.00,0.31,0.69,0.04
Belgium,2004,129.04,34665.00,4465111.00,100.00,58.00,97.35,6710000.00,10144977.00,2.22,1.73,0.82
Norway,2004,44.34,60079.00,2422666.00,100.00,27.00,77.40,3628000.00,3554092.00,1.95,1.16,0.29
China,2005,5771.17,6338.00,761944037.00,90.92,1782.00,42.52,46809000.00,554367818.00,0.26,0.04,1.80
USA,2005,6132.01,49655.00,169814515.00,100.00,2592.00,79.95,68247000.00,262099001.00,2.71,1.90,3.11
India,2005,1210.15,2789.00,451555845.00,61.01,514.00,29.24,3919000.00,335503762.00,0.10,0.03,0.41
Russia,2005,1588.66,13406.00,74220774.00,99.44,651.00,73.46,22201000.00,105433013.00,0.82,2.96,1.49
United Kingdom,2005,570.00,37724.00,30590477.00,100.00,222.00,79.92,28039000.00,48269624.00,1.14,1.65,1.03
Australia,2005,386.52,41158.00,10554464.00,100.00,113.00,84.58,5499000.00,17250330.00,1.93,1.34,6.74
Japan,2005,1286.86,35292.00,66732912.00,100.00,523.00,85.98,6728000.00,109856670.00,1.69,0.68,1.38
Brazil,2005,342.09,8639.00,89784647.00,88.62,216.00,82.83,5358000.00,154176524.00,0.46,0.11,0.12
Germany,2005,867.22,37305.00,41261131.00,100.00,337.00,75.98,21500000.00,62660267.00,1.36,1.10,2.96
Indonesia,2005,343.58,4067.00,101395729.00,90.38,179.00,45.94,5002000.00,103961908.00,0.26,0.15,0.18
France,2005,432.64,33428.00,28917082.00,100.00,272.41,77.13,74988000.00,48730233.00,1.35,0.75,0.35
Mexico,2005,465.91,13018.00,44110186.00,91.63,178.00,76.31,21915000.00,80890450.00,0.83,0.50,0.20
Italy,2005,495.23,32926.00,24380933.00,100.00,186.00,67.74,36513000.00,39267369.00,1.40,1.49,0.43
Turkey,2005,260.90,12570.00,22316274.00,88.23,84.00,67.84,20273000.00,46065713.00,0.42,0.40,1.14
South Korea,2005,459.35,28995.00,24279594.00,100.00,214.00,81.35,6023000.00,39195731.00,1.82,0.78,1.72
Spain,2005,368.96,29465.00,325095.00,100.00,143.00,49.87,545000.00,21770265.00,1.55,0.77,1.01
Saudi Arabia,2005,395.85,28910.00,7945226.00,82.86,123.00,80.98,8037000.00,19286107.00,2.96,2.36,0.00
Canada,2005,576.80,41139.00,17695801.00,100.00,273.00,80.12,18771000.00,25834340.00,3.17,3.06,1.84
Iran,2005,463.53,14706.00,24182880.00,82.44,173.00,67.56,1889000.00,47130046.00,1.08,1.42,0.03
Thailand,2005,244.30,9584.00,37782107.00,93.51,99.00,37.41,11567000.00,24472850.00,0.62,0.51,0.45
Egypt,2005,165.04,6008.00,23260715.00,71.41,62.00,43.03,8244000.00,32495526.00,0.36,0.49,0.02
Poland,2005,321.67,14724.00,17529374.00,98.74,26.00,61.45,15200000.00,23453429.00,0.54,0.42,3.60
Nigeria,2005,105.71,3173.00,42828205.00,54.77,105.00,39.07,1010000.00,54260116.00,0.09,0.08,0.00
Malaysia,2005,172.49,14931.00,10922365.00,88.69,67.00,66.59,16431000.00,17108405.00,0.84,1.47,0.43
Netherlands,2005,177.53,42550.00,8579461.00,100.00,81.00,82.63,10012000.00,13485107.00,1.62,3.05,0.79
Argentina,2005,161.42,14832.00,17549561.00,97.19,67.00,90.03,3823000.00,35015695.00,0.65,1.06,0.03
South Africa,2005,415.05,10241.00,18031191.00,88.72,122.00,59.54,7369000.00,28506195.00,0.41,0.07,3.73
Colombia,2005,60.25,7688.00,19953131.00,92.30,27.00,76.02,933000.00,32422505.00,0.25,0.19,0.10
UAE,2005,114.55,94516.00,2937065.00,90.03,45.00,82.26,7126000.00,3774366.00,2.14,9.16,0.05
Algeria,2005,106.47,10795.00,9984928.00,69.87,32.00,63.83,1443000.00,21159469.00,0.31,0.73,0.03
Belgium,2005,125.64,35284.00,4616055.00,100.00,58.00,97.40,6747000.00,10206487.00,2.22,1.68,0.75
Norway,2005,43.56,70877.00,2431376.00,100.00,27.00,77.68,3824000.00,3591141.00,1.91,1.06,0.25
China,2006,6377.75,6937.00,766055387.00,90.92,1950.00,43.87,49913000.00,575118254.00,0.27,0.04,1.99
USA,2006,6052.24,50490.00,171886439.00,100.00,2575.00,80.11,69541000.00,265190165.00,2.63,1.86,3.05
India,2006,1287.15,3060.00,453694481.00,62.75,533.00,29.57,4447000.00,344622641.00,0.11,0.03,0.43
Russia,2006,1648.66,15409.00,74497191.00,99.44,670.00,73.51,22486000.00,105152847.00,0.85,3.05,1.53
United Kingdom,2006,567.65,38251.00,31038497.00,100.00,223.00,80.20,30654000.00,48798541.00,1.12,1.56,1.12
Australia,2006,392.68,41311.00,10799387.00,100.00,118.00,84.70,5532000.00,17531121.00,1.92,1.40,6.77
Japan,2006,1262.64,35572.00,66802058.00,100.00,523.00,87.12,7334000.00,111383848.00,1.62,0.75,1.37
Brazil,2006,341.95,9324.00,90880684.00,89.62,223.00,83.14,5017000.00,156447985.00,0.47,0.11,0.11
Germany,2006,878.75,38784.00,41608937.00,100.00,346.00,76.18,23569000.00,62753557.00,1.36,1.12,2.98
Indonesia,2006,346.70,4420.00,103395358.00,91.98,183.00,46.74,4871000.00,107178769.00,0.25,0.16,0.22
France,2006,422.10,34098.00,29061157.00,100.00,268.00,77.38,77916000.00,49228316.00,1.33,0.71,0.32
Mexico,2006,478.80,13713.00,45588363.00,91.73,182.00,76.62,21353000.00,82408287.00,0.82,0.54,0.21
Italy,2006,489.75,34003.00,24416481.00,100.00,184.00,67.86,41058000.00,39454178.00,1.39,1.45,0.43
Turkey,2006,281.54,13731.00,22239126.00,88.12,93.00,68.45,18916000.00,47064036.00,0.43,0.45,1.22
South Korea,2006,465.61,29850.00,24520874.00,100.00,218.00,81.53,6155000.00,39490771.00,1.79,0.83,1.78
Spain,2006,360.28,31493.00,333754.00,100.00,142.00,50.26,549000.00,22315868.00,1.49,0.81,0.87
Saudi Arabia,2006,431.29,31838.00,8287087.00,82.86,136.00,81.20,8620000.00,19893608.00,3.05,2.41,0.00
Canada,2006,570.49,41678.00,17910447.00,100.00,278.00,80.21,18265000.00,26126316.00,3.12,3.01,1.81
Iran,2006,503.79,15617.00,24203091.00,82.33,180.00,68.24,2735000.00,48145863.00,1.19,1.55,0.03
Thailand,2006,248.62,10184.00,37949575.00,93.51,101.00,38.67,13822000.00,25451682.00,0.61,0.52,0.46
Egypt,2006,176.02,6337.00,24059420.00,66.37,65.00,43.07,8646000.00,33111793.00,0.36,0.51,0.02
Poland,2006,334.62,15415.00,17324552.00,98.74,25.00,61.34,15670000.00,23396235.00,0.58,0.42,3.68
Nigeria,2006,98.46,3289.00,43882211.00,54.77,106.00,39.94,1111000.00,56934076.00,0.07,0.08,0.00
Malaysia,2006,165.58,15295.00,11178427.00,88.69,67.00,67.48,17547000.00,17681869.00,0.83,1.53,0.43
Netherlands,2006,172.74,44600.00,8646285.00,100.00,80.00,83.64,10739000.00,13671225.00,1.60,2.92,0.76
Argentina,2006,174.62,15871.00,17862877.00,98.61,73.00,90.20,4173000.00,35439470.00,0.71,1.10,0.03
South Africa,2006,445.71,10861.00,18702303.00,88.72,126.00,60.08,8396000.00,29131012.00,0.41,0.07,3.73
Colombia,2006,62.20,8325.00,20084791.00,92.65,28.00,76.42,2045000.00,33015422.00,0.26,0.19,0.09
UAE,2006,121.88,95394.00,3483372.00,90.03,46.00,82.65,7126000.00,4380488.00,1.94,8.13,0.09
Algeria,2006,100.20,11585.00,10197598.00,72.65,35.00,64.59,1638000.00,21729732.00,0.31,0.75,0.03
Belgium,2006,124.03,35065.00,4634840.00,100.00,58.00,97.45,6995000.00,10279407.00,2.11,1.72,0.73
Norway,2006,43.92,74670.00,2465936.00,100.00,27.00,77.95,4070000.00,3632998.00,1.97,1.15,0.22
China,2007,6861.75,7482.00,768928092.00,90.92,2099.00,45.20,54720000.00,595670841.00,0.28,0.05,2.14
USA,2007,6130.98,50902.00,173540104.00,100.00,2615.00,80.29,74376000.00,268301626.00,2.57,1.96,3.06
India,2007,1390.25,3333.00,455807544.00,62.75,568.00,29.91,5082000.00,353850625.00,0.12,0.04,0.46
Russia,2007,1647.73,17799.00,75506737.00,99.68,672.00,73.55,22909000.00,105037426.00,0.86,3.12,1.47
United Kingdom,2007,559.32,38071.00,31243999.00,100.00,219.00,80.48,30870000.00,49351705.00,1.07,1.57,1.04
Australia,2007,400.42,42278.00,10968068.00,100.00,122.00,84.82,5644000.00,17666387.00,1.93,1.55,6.77
Japan,2007,1300.05,36054.00,67143470.00,100.00,518.00,88.15,8347000.00,112827761.00,1.61,0.82,1.42
Brazil,2007,356.92,10264.00,92033856.00,90.01,236.00,83.45,5026000.00,158660052.00,0.48,0.11,0.12
Germany,2007,852.10,41047.00,41887302.00,100.00,328.00,76.38,24421000.00,62833410.00,1.21,1.08,3.08
Indonesia,2007,377.12,4843.00,108776342.00,91.98,183.00,47.54,5506000.00,110459097.00,0.25,0.13,0.26
France,2007,412.90,35855.00,29298628.00,100.00,265.43,77.62,80853000.00,49690034.00,1.29,0.70,0.34
Mexico,2007,482.33,14180.00,46671659.00,92.80,181.00,76.92,21606000.00,83973950.00,0.83,0.58,0.19
Italy,2007,480.49,35759.00,24393494.00,100.00,184.00,67.97,43654000.00,39722857.00,1.33,1.45,0.43
Turkey,2007,312.86,14532.00,22626619.00,88.66,100.00,69.05,26122000.00,48048353.00,0.44,0.53,1.42
South Korea,2007,493.35,31144.00,24773034.00,100.00,227.00,81.63,6448000.00,39740941.00,1.84,0.85,1.91
Spain,2007,368.13,33516.00,343713.00,100.00,144.00,50.66,540000.00,22910542.00,1.47,0.81,0.92
Saudi Arabia,2007,386.51,33516.00,8628830.00,82.86,140.00,81.43,11531000.00,20507062.00,3.09,2.41,0.00
Canada,2007,594.14,42449.00,18272226.00,100.00,277.00,80.40,17935000.00,26441461.00,3.23,2.99,1.93
Iran,2007,513.31,16964.00,24196831.00,82.33,191.00,68.86,2219000.00,49125150.00,1.20,1.73,0.03
Thailand,2007,249.17,10835.00,38538541.00,93.51,105.00,39.95,14464000.00,26439736.00,0.60,0.55,0.49
Egypt,2007,185.91,7086.00,25187970.00,66.37,69.00,43.08,10610000.00,33700835.00,0.38,0.55,0.02
Poland,2007,334.37,17025.00,17328184.00,98.74,25.00,61.23,14975000.00,23340838.00,0.60,0.42,3.60
Nigeria,2007,94.46,4136.00,45010413.00,54.77,110.00,40.82,1212000.00,59734515.00,0.06,0.08,0.00
Malaysia,2007,182.46,16511.00,11433194.00,88.69,73.00,68.36,20973000.00,18266045.00,0.94,1.55,0.52
Netherlands,2007,172.60,47515.00,8796213.00,100.00,80.00,84.54,11008000.00,13848922.00,1.65,2.85,0.82
Argentina,2007,174.23,17303.00,17891188.00,98.61,74.00,90.37,4562000.00,35861110.00,0.70,1.17,0.03
South Africa,2007,463.98,11347.00,18785135.00,88.72,135.00,60.62,9091000.00,29774433.00,0.48,0.09,3.80
Colombia,2007,61.57,9060.00,20223099.00,93.38,28.00,76.82,2254000.00,33597410.00,0.25,0.19,0.10
UAE,2007,133.34,88942.00,4170616.00,90.03,50.00,83.02,7126000.00,5121554.00,1.72,7.74,0.04
Algeria,2007,108.40,11751.00,10404063.00,72.65,37.00,65.35,1743000.00,22327433.00,0.34,0.77,0.04
Belgium,2007,120.61,35943.00,4722773.00,100.00,57.00,97.51,7045000.00,10360589.00,2.03,1.73,0.66
Norway,2007,45.85,74813.00,2523355.00,100.00,28.00,78.23,4377000.00,3684159.00,1.99,1.15,0.24
China,2008,7375.19,7741.00,770730704.00,90.92,2155.00,46.54,53049000.00,616481190.00,0.28,0.06,2.20
USA,2008,5932.78,50276.00,175620968.00,100.00,2550.00,80.46,75413000.00,271462240.00,2.38,1.95,3.02
India,2008,1547.99,3754.00,457869614.00,62.75,600.00,30.25,5283000.00,363154577.00,0.12,0.04,0.48
Russia,2008,1679.79,20022.00,76035879.00,99.68,687.00,73.60,23676000.00,105055515.00,0.89,3.12,1.59
United Kingdom,2008,544.85,37657.00,31655559.00,100.00,211.00,80.76,30142000.00,49913475.00,1.03,1.60,0.96
Australia,2008,405.05,43965.00,11257823.00,100.00,127.00,84.94,5586000.00,18049708.00,1.95,1.55,6.60
Japan,2008,1229.25,35257.00,67099689.00,100.00,498.00,89.10,8351000.00,114107975.00,1.47,0.80,1.35
Brazil,2008,380.34,11352.00,93563450.00,90.04,249.00,83.75,5050000.00,160823508.00,0.50,0.13,0.11
Germany,2008,854.42,41333.00,41891877.00,100.00,331.00,76.58,24884000.00,62875807.00,1.28,1.13,2.93
Indonesia,2008,417.79,5790.00,111067180.00,92.19,186.00,48.34,6234000.00,113814309.00,0.26,0.14,0.23
France,2008,406.79,35755.00,29502880.00,100.00,266.61,77.87,79218000.00,50127513.00,1.25,0.71,0.31
Mexico,2008,495.31,14442.00,47503138.00,92.93,180.00,77.22,22931000.00,85573769.00,0.81,0.61,0.17
Italy,2008,468.06,35938.00,24710080.00,100.00,182.00,68.09,42734000.00,40056298.00,1.27,1.44,0.42
Turkey,2008,310.40,15393.00,23361723.00,88.66,99.00,69.65,29792000.00,49047262.00,0.42,0.52,1.40
South Korea,2008,505.78,30412.00,24924804.00,100.00,232.00,81.73,6891000.00,40093884.00,1.72,0.94,2.11
Spain,2008,336.49,33492.00,354448.00,100.00,139.00,51.15,585000.00,23503687.00,1.38,0.88,0.56
Saudi Arabia,2008,432.34,39887.00,8955997.00,82.86,157.00,81.65,14757000.00,21137735.00,3.23,2.59,0.00
Canada,2008,574.81,43642.00,18570589.00,100.00,273.00,80.58,17142000.00,26789863.00,3.08,2.90,1.76
Iran,2008,534.91,16991.00,23479958.00,82.96,205.00,69.46,2034000.00,50093529.00,1.19,1.81,0.02
Thailand,2008,249.59,11392.00,38931058.00,93.51,108.00,41.24,14584000.00,27438708.00,0.57,0.59,0.52
Egypt,2008,195.29,8191.00,25681846.00,66.37,72.00,43.06,12296000.00,34289703.00,0.39,0.56,0.01
Poland,2008,327.45,17677.00,17564610.00,98.74,25.00,61.12,12960000.00,23300939.00,0.61,0.42,3.53
Nigeria,2008,94.93,4218.00,46203876.00,51.08,113.00,41.70,1313000.00,62665438.00,0.07,0.07,0.00
Malaysia,2008,201.58,17770.00,11622770.00,88.69,77.00,69.23,22052000.00,18854125.00,0.90,1.68,0.57
Netherlands,2008,175.52,47481.00,8933143.00,100.00,79.00,85.40,10104000.00,14044865.00,1.57,2.95,0.78
Argentina,2008,188.04,18283.00,17922661.00,98.61,78.00,90.53,4700000.00,36284569.00,0.76,1.18,0.03
South Africa,2008,494.13,11435.00,19436363.00,88.72,145.00,61.15,9592000.00,30442138.00,0.48,0.09,4.05
Colombia,2008,67.23,9764.00,20796857.00,93.24,30.00,77.20,2317000.00,34166611.00,0.25,0.20,0.09
UAE,2008,154.16,83881.00,4922159.00,90.03,60.00,83.39,7126000.00,5911711.00,1.58,8.18,0.08
Algeria,2008,109.03,12270.00,10605962.00,75.14,37.00,66.10,1772000.00,22955890.00,0.37,0.76,0.03
Belgium,2008,120.66,36634.00,4766246.00,100.00,58.00,97.56,7165000.00,10448114.00,2.15,1.71,0.64
Norway,2008,44.90,81923.00,2598721.00,100.00,32.00,78.53,4347000.00,3744286.00,1.90,1.18,0.24
China,2009,7758.81,8394.00,771783104.00,90.92,2297.00,47.88,50875000.00,637407288.00,0.29,0.07,2.37
USA,2009,5495.40,48453.00,175857400.00,100.00,2427.00,80.62,71076000.00,274499918.00,2.22,1.90,2.66
India,2009,1720.12,3936.00,459908336.00,62.75,666.00,30.59,5168000.00,372465917.00,0.12,0.05,0.54
Russia,2009,1572.44,17864.00,76081117.00,99.68,646.00,73.64,21339000.00,105149982.00,0.85,2.99,1.42
United Kingdom,2009,494.60,35730.00,31836229.00,100.00,208.00,81.03,28199000.00,50463084.00,0.97,1.47,0.78
Australia,2009,408.67,42914.00,11493325.00,100.00,127.00,85.06,5490000.00,18451611.00,1.87,1.55,6.66
Japan,2009,1160.20,33798.00,66914282.00,100.00,475.00,89.99,6790000.00,115228215.00,1.43,0.80,1.27
Brazil,2009,360.09,11700.00,95421720.00,90.30,241.00,84.04,4802000.00,162949977.00,0.49,0.10,0.09
Germany,2009,789.96,39480.00,41952677.00,100.00,310.00,76.77,24220000.00,62877220.00,1.22,1.05,2.76
Indonesia,2009,447.30,6332.00,112743612.00,92.58,199.00,49.13,6324000.00,117243827.00,0.25,0.16,0.23
France,2009,386.94,35255.00,29739196.00,100.00,255.18,78.12,76764000.00,50547198.00,1.19,0.70,0.26
Mexico,2009,478.39,13474.00,48482135.00,93.44,180.00,77.52,22346000.00,87182005.00,0.78,0.59,0.17
Italy,2009,415.93,34766.00,24496302.00,100.00,170.00,68.21,43239000.00,40308358.00,1.15,1.32,0.33
Turkey,2009,316.77,14794.00,24207631.00,90.82,99.00,70.24,30187000.00,50096864.00,0.43,0.49,1.41
South Korea,2009,506.76,30237.00,24925540.00,100.00,234.00,81.84,7818000.00,40351067.00,1.76,0.78,2.18
Spain,2009,297.25,32962.00,365120.00,100.00,128.00,51.66,542000.00,23950171.00,1.27,0.77,0.40
Saudi Arabia,2009,465.84,34644.00,9289166.00,82.86,167.00,81.87,10897000.00,21801430.00,3.04,2.40,0.00
Canada,2009,540.52,39214.00,18704165.00,100.00,261.00,80.76,15737000.00,27158023.00,2.96,2.79,1.47
Iran,2009,546.89,17309.00,24168645.00,82.96,204.00,70.05,2116000.00,51080202.00,1.20,1.87,0.03
Thailand,2009,264.75,11168.00,39184208.00,93.51,108.00,42.54,14150000.00,28447159.00,0.59,0.55,0.50
Egypt,2009,202.71,8398.00,26597438.00,66.37,74.00,43.04,11914000.00,34919606.00,0.41,0.54,0.01
Poland,2009,314.14,18984.00,17832669.00,98.74,24.00,61.00,11890000.00,23274004.00,0.61,0.42,3.34
Nigeria,2009,75.54,4550.00,47453585.00,51.08,111.00,42.59,1414000.00,65723902.00,0.06,0.06,0.00
Malaysia,2009,196.44,16645.00,11973658.00,88.69,73.00,70.08,23646000.00,19435329.00,0.93,1.38,0.60
Netherlands,2009,170.18,45285.00,9029236.00,100.00,78.00,86.29,9921000.00,14263741.00,1.50,3.01,0.73
Argentina,2009,178.87,16893.00,18280431.00,98.98,76.00,90.69,4308000.00,36714245.00,0.71,1.15,0.03
South Africa,2009,501.38,11001.00,19128001.00,92.89,147.00,61.69,7012000.00,31137754.00,0.46,0.07,3.70
Colombia,2009,71.85,9843.00,22074776.00,93.37,31.00,77.59,2364000.00,34720224.00,0.22,0.22,0.11
UAE,2009,165.19,63439.00,5627338.00,90.03,64.00,83.74,7126000.00,6630166.00,1.60,7.28,0.05
Algeria,2009,120.19,11172.00,10806943.00,75.14,41.00,66.83,1912000.00,23612219.00,0.40,0.78,0.02
Belgium,2009,107.64,37260.00,4788280.00,100.00,56.00,97.60,6815000.00,10537701.00,1.98,1.70,0.42
Norway,2009,43.21,70175.00,2598586.00,100.00,32.00,78.82,4346000.00,3805760.00,1.85,1.23,0.17
China,2010,8500.54,9475.00,772249983.00,95.12,2536.00,49.23,55664000.00,658498663.00,0.30,0.08,2.50
USA,2010,5701.08,49267.00,175857772.00,100.00,2481.00,80.79,76461000.00,277436526.00,2.26,1.99,2.78
India,2010,1700.03,4353.00,461934938.00,62.75,700.00,30.93,5776000.00,381763166.00,0.12,0.05,0.55
Russia,2010,1657.56,20255.00,75936680.00,99.68,688.00,73.69,22281000.00,105261473.00,0.89,3.26,1.49
United Kingdom,2010,512.21,35116.00,32020789.00,100.00,196.00,81.30,28295000.00,51030310.00,0.95,1.58,0.81
Australia,2010,406.75,45398.00,11690165.00,100.00,127.00,85.18,5790000.00,18767085.00,1.92,1.58,6.04
Japan,2010,1211.57,35477.00,66662035.00,100.00,501.00,90.81,8611000.00,116302928.00,1.43,0.85,1.38
Brazil,2010,411.24,13418.00,95327604.00,90.38,266.00,84.34,5161000.00,165055094.00,0.53,0.14,0.12
Germany,2010,833.68,41215.00,42014274.00,100.00,326.00,76.97,26875000.00,62940432.00,1.24,1.15,2.84
Indonesia,2010,427.79,7378.00,115291524.00,92.58,207.00,49.91,7003000.00,120709130.00,0.25,0.18,0.21
France,2010,397.90,35871.00,29836117.00,100.00,263.13,78.37,76647000.00,50961407.00,1.16,0.74,0.27
Mexico,2010,466.09,14276.00,49344235.00,93.07,175.00,77.82,23290000.00,88781439.00,0.77,0.61,0.21
Italy,2010,424.87,34544.00,24432021.00,100.00,174.00,68.33,43626000.00,40502481.00,1.12,1.40,0.36
Turkey,2010,319.53,16211.00,25218298.00,92.66,106.00,70.83,31364000.00,51225589.00,0.41,0.53,1.31
South Korea,2010,565.96,32325.00,25258956.00,100.00,256.00,81.94,8798000.00,40602657.00,1.80,0.75,2.42
Spain,2010,283.88,32160.00,375053.00,100.00,128.00,52.17,632000.00,24299633.00,1.23,0.77,0.31
Saudi Arabia,2010,517.72,39370.00,9844427.00,82.86,185.00,82.08,10850000.00,22508632.00,3.08,2.67,0.00
Canada,2010,555.46,40618.00,18907651.00,100.00,263.00,80.94,16219000.00,27522537.00,3.06,2.86,1.49
Iran,2010,564.03,17716.00,24180633.00,82.96,204.00,70.63,2938000.00,52095517.00,1.05,1.96,0.03
Thailand,2010,279.43,12586.00,38935234.00,96.43,118.00,43.86,15936000.00,29469051.00,0.63,0.63,0.53
Egypt,2010,198.81,9578.00,27451530.00,72.05,73.00,43.02,14051000.00,35603056.00,0.41,0.53,0.01
Poland,2010,332.13,20495.00,18035953.00,98.74,23.00,60.89,12470000.00,23165018.00,0.64,0.45,3.51
Nigeria,2010,90.32,5087.00,48753690.00,51.08,127.00,43.48,1555000.00,68917190.00,0.07,0.07,0.00
Malaysia,2010,215.99,17653.00,12257276.00,93.12,74.00,70.91,24577000.00,20002882.00,0.85,1.32,0.83
Netherlands,2010,182.18,44394.00,8865394.00,100.00,84.00,87.13,10883000.00,14477657.00,1.57,3.38,0.73
Argentina,2010,186.69,18660.00,18285303.00,98.95,79.00,90.85,5325000.00,37055902.00,0.73,1.14,0.04
South Africa,2010,472.48,11288.00,18860443.00,92.88,138.00,62.22,8074000.00,31866171.00,0.46,0.09,3.76
Colombia,2010,75.30,10618.00,22773495.00,93.58,31.00,77.96,1405000.00,35257426.00,0.23,0.23,0.09
UAE,2010,158.16,58565.00,6198570.00,90.03,61.00,84.09,7126000.00,7189428.00,1.48,7.11,0.11
Algeria,2010,117.81,12510.00,11082664.00,75.14,40.00,67.54,2070000.00,24299173.00,0.39,0.76,0.01
Belgium,2010,113.58,38592.00,4887403.00,100.00,60.00,97.65,7186000.00,10639649.00,2.00,1.90,0.52
Norway,2010,45.82,72578.00,2607609.00,100.00,30.00,79.10,4767000.00,3867496.00,1.78,1.37,0.22
China,2011,9388.20,10221.00,775331931.00,95.12,2723.00,50.51,57581000.00,678933504.00,0.31,0.10,2.75
USA,2011,5570.71,49675.00,176084719.00,100.00,2459.00,80.96,79071000.00,280117708.00,2.11,2.00,2.63
India,2011,1817.17,4768.00,462578948.00,69.30,734.00,31.28,6309000.00,391040303.00,0.12,0.05,0.57
Russia,2011,1712.42,23130.00,76051043.00,99.68,721.00,73.73,24932000.00,105407907.00,0.97,3.33,1.55
United Kingdom,2011,469.81,34971.00,32202953.00,100.00,203.00,81.57,29306000.00,51600299.00,0.91,1.31,0.80
Australia,2011,404.25,46132.00,11856658.00,100.00,128.00,85.30,5771000.00,19056040.00,1.98,1.58,5.74
Japan,2011,1261.40,34979.00,66043052.00,100.00,463.00,91.07,6219000.00,116416235.00,1.45,0.98,1.33
Brazil,2011,430.19,14831.00,95145394.00,91.41,270.00,84.63,5433000.00,167158525.00,0.55,0.14,0.13
Germany,2011,810.80,43189.00,41674901.00,100.00,310.00,77.16,28374000.00,61940177.00,1.22,1.07,2.94
Indonesia,2011,601.33,8849.00,117623211.00,92.81,199.00,50.60,7650000.00,124016544.00,0.29,0.17,0.21
France,2011,372.79,36691.00,29828496.00,100.00,254.01,78.62,80499000.00,51373800.00,1.12,0.64,0.23
Mexico,2011,486.50,15210.00,50371763.00,93.52,184.00,78.11,23403000.00,90370891.00,0.78,0.61,0.23
Italy,2011,413.43,35151.00,24418799.00,100.00,168.00,68.44,46119000.00,40641670.00,1.08,1.31,0.41
Turkey,2011,344.75,17919.00,26288596.00,94.11,113.00,71.40,34654000.00,52440387.00,0.39,0.61,1.37
South Korea,2011,588.44,32225.00,25667890.00,100.00,267.00,81.92,9795000.00,40909592.00,1.78,0.75,2.60
Spain,2011,284.59,31600.00,382376.00,100.00,126.00,52.68,675000.00,24625455.00,1.15,0.71,0.53
Saudi Arabia,2011,497.66,48470.00,10515725.00,82.86,177.00,82.30,14179000.00,23264870.00,3.15,2.64,0.00
Canada,2011,560.78,42197.00,19050382.00,100.00,267.00,81.10,16014000.00,27847821.00,3.05,3.07,1.41
Iran,2011,579.04,18024.00,24306748.00,82.96,208.00,71.20,3354000.00,53140089.00,1.02,2.05,0.03
Thailand,2011,275.84,13318.00,40058537.00,96.43,118.00,44.70,19230000.00,30179366.00,0.65,0.58,0.55
Egypt,2011,213.27,10737.00,27920005.00,72.05,76.00,43.00,9497000.00,36347578.00,0.40,0.57,0.01
Poland,2011,331.69,21837.00,18107953.00,98.74,23.00,60.78,13350000.00,23134846.00,0.64,0.44,3.60
Nigeria,2011,94.23,5136.00,50041195.00,51.08,139.00,44.37,715000.00,72230098.00,0.07,0.09,0.00
Malaysia,2011,217.68,19390.00,12788348.00,93.12,77.00,71.61,24714000.00,20516662.00,0.93,1.31,0.82
Netherlands,2011,169.12,44591.00,8849590.00,100.00,78.00,87.88,11300000.00,14669707.00,1.49,2.95,0.72
Argentina,2011,190.25,20003.00,18620588.00,99.11,81.00,90.99,5705000.00,37543830.00,0.74,1.17,0.04
South Africa,2011,468.93,11838.00,19145009.00,93.10,141.00,62.75,8339000.00,32630538.00,0.48,0.09,3.49
Colombia,2011,75.74,11788.00,23417456.00,93.58,31.00,78.34,2042000.00,35770189.00,0.26,0.22,0.11
UAE,2011,162.70,65307.00,6473126.00,90.03,60.00,84.42,7126000.00,7553138.00,1.54,7.03,0.07
Algeria,2011,119.81,13204.00,11302087.00,75.14,42.00,68.24,2395000.00,25016303.00,0.40,0.81,0.01
Belgium,2011,104.16,38130.00,4867090.00,100.00,56.00,97.70,7494000.00,10784163.00,1.85,1.62,0.49
Norway,2011,44.98,80623.00,2626130.00,100.00,27.00,79.46,4963000.00,3935476.00,1.72,1.24,0.22
China,2012,9633.90,10654.00,778628797.00,95.12,2821.00,51.77,57725000.00,699187267.00,0.32,0.11,2.84
USA,2012,5366.73,50394.00,177524955.00,100.00,2421.00,81.12,83233000.00,282842503.00,2.05,2.09,2.31
India,2012,1983.76,4974.00,463448734.00,69.30,766.00,31.63,6578000.00,400417728.00,0.13,0.05,0.61
Russia,2012,1726.10,23827.00,75837020.00,99.68,739.00,73.79,28177000.00,105669949.00,0.98,3.29,1.62
United Kingdom,2012,487.67,35784.00,32549885.00,100.00,189.00,81.84,29282000.00,52130415.00,0.89,1.23,1.00
Australia,2012,407.15,44871.00,12017116.00,100.00,127.00,85.40,6032000.00,19414834.00,1.96,1.61,5.59
Japan,2012,1302.08,35143.00,65639408.00,100.00,453.00,91.15,8358000.00,116331281.00,1.47,1.03,1.40
Brazil,2012,460.06,14702.00,97696472.00,91.34,281.00,84.92,5677000.00,169240750.00,0.58,0.16,0.13
Germany,2012,815.20,43198.00,41767969.00,100.00,311.00,77.17,30411000.00,62064608.00,1.21,1.06,3.07
Indonesia,2012,633.15,9144.00,120616762.00,92.81,209.00,51.28,8044000.00,127396459.00,0.30,0.16,0.25
France,2012,374.11,36773.00,30059730.00,100.00,254.36,78.88,81980000.00,51791144.00,1.08,0.66,0.26
Mexico,2012,498.66,15203.00,51893358.00,94.23,192.00,78.41,23403000.00,91948801.00,0.76,0.63,0.20
Italy,2012,391.99,35142.00,24940520.00,100.00,161.00,68.68,46360000.00,40894259.00,0.98,1.26,0.42
Turkey,2012,354.13,18787.00,26787340.00,94.92,117.00,71.97,35698000.00,53730762.00,0.41,0.61,1.33
South Korea,2012,583.63,32485.00,26054644.00,100.00,271.00,81.85,11140000.00,41089082.00,1.84,0.77,2.55
Spain,2012,279.27,31491.00,375486.00,100.00,126.00,53.20,661000.00,24881394.00,1.06,0.69,0.61
Saudi Arabia,2012,563.18,49983.00,11248779.00,82.86,199.00,82.52,16332000.00,24058860.00,3.30,2.78,0.00
Canada,2012,563.68,41615.00,19236859.00,100.00,268.00,81.14,16344000.00,28166078.00,3.09,2.99,1.27
Iran,2012,600.68,15734.00,24419415.00,83.63,217.00,71.76,3834000.00,54203628.00,1.06,2.01,0.02
Thailand,2012,293.66,14467.00,40108071.00,96.43,126.00,45.45,22354000.00,30828051.00,0.68,0.66,0.53
Egypt,2012,211.99,10736.00,28742502.00,73.87,79.00,42.95,11196000.00,37114895.00,0.42,0.55,0.01
Poland,2012,324.22,23037.00,18239621.00,98.74,21.00,60.65,14840000.00,23086831.00,0.60,0.47,3.55
Nigeria,2012,96.57,5370.00,51387354.00,51.08,140.00,45.25,486000.00,75664328.00,0.07,0.09,0.00
Malaysia,2012,215.90,20203.00,13286030.00,93.12,79.00,72.28,25033000.00,21009012.00,0.86,1.32,0.87
Netherlands,2012,164.95,45412.00,8961620.00,100.00,78.00,88.59,11680000.00,14842886.00,1.51,2.78,0.78
Argentina,2012,191.04,19841.00,18831461.00,99.11,81.00,91.12,5587000.00,38027774.00,0.77,1.20,0.04
South Africa,2012,467.08,11880.00,19607512.00,93.73,135.00,63.27,9188000.00,33429132.00,0.47,0.09,3.59
Colombia,2012,79.35,12078.00,24127185.00,93.58,32.00,78.70,2175000.00,36262940.00,0.27,0.23,0.09
UAE,2012,173.92,66251.00,6604623.00,90.03,64.00,84.75,12400000.00,7747411.00,1.55,7.23,0.23
Algeria,2012,128.11,13242.00,11541337.00,75.14,46.00,68.92,2634000.00,25763106.00,0.44,0.90,0.01
Belgium,2012,101.40,38907.00,4902316.00,100.00,54.00,97.74,7560000.00,10856360.00,1.85,1.62,0.46
Norway,2012,44.56,81826.00,2670923.00,100.00,28.00,79.87,4538000.00,4008535.00,1.68,1.16,0.23
China,2013,9796.53,11088.00,781449430.00,95.12,2912.00,53.01,55686000.00,719587859.00,0.34,0.12,2.92
USA,2013,5519.61,50863.00,178291736.00,100.00,2468.00,81.29,86290000.00,285496413.00,2.07,2.10,2.38
India,2013,1997.88,5052.00,472354936.00,69.30,778.00,32.00,6968000.00,409909187.00,0.13,0.04,0.63
Russia,2013,1665.99,23881.00,75469647.00,99.68,719.00,73.86,30792000.00,105998510.00,0.97,3.25,1.44
United Kingdom,2013,477.73,37702.00,32854709.00,100.00,194.00,82.10,31063000.00,52650556.00,0.86,1.21,0.95
Australia,2013,398.16,44042.00,12189841.00,100.00,126.00,85.50,6482000.00,19775013.00,2.03,1.63,5.02
Japan,2013,1314.07,35494.00,65970039.00,100.00,455.00,91.23,10364000.00,116262976.00,1.45,1.03,1.51
Brazil,2013,493.59,14943.00,98990091.00,91.48,293.00,85.21,5813000.00,171300683.00,0.60,0.19,0.14
Germany,2013,832.64,44560.00,42161170.00,100.00,318.00,77.18,31545000.00,62242278.00,1.24,1.09,3.06
Indonesia,2013,486.13,9391.00,121556116.00,92.81,214.00,51.96,8802000.00,130826016.00,0.30,0.17,0.26
France,2013,374.26,37926.00,30193260.00,100.00,255.00,79.14,83634000.00,52228061.00,1.06,0.67,0.27
Mexico,2013,492.56,15357.00,52652690.00,93.96,192.00,78.70,24151000.00,93515787.00,0.74,0.59,0.20
Italy,2013,363.40,34482.00,25045316.00,100.00,156.00,68.98,47704000.00,41548775.00,0.88,1.16,0.36
Turkey,2013,346.78,19370.00,27849926.00,95.26,117.00,72.53,37795000.00,55071747.00,0.43,0.60,1.11
South Korea,2013,591.54,33322.00,26383615.00,100.00,272.00,81.78,12176000.00,41240244.00,1.83,0.90,2.50
Spain,2013,252.68,31527.00,367337.00,100.00,117.00,53.71,659000.00,25037761.00,1.00,0.64,0.45
Saudi Arabia,2013,540.81,48106.00,11910017.00,94.43,191.00,82.74,15772000.00,24865453.00,3.30,2.73,0.00
Canada,2013,568.89,41816.00,19460672.00,100.00,272.00,81.18,16059000.00,28479640.00,3.00,3.08,1.22
Iran,2013,608.96,15844.00,24515787.00,84.63,221.00,72.30,4769000.00,55292621.00,1.13,2.00,0.03
Thailand,2013,296.90,13895.00,39238140.00,93.70,135.00,46.19,26547000.00,31477989.00,0.73,0.71,0.55
Egypt,2013,208.45,10803.00,29628188.00,75.06,77.00,42.89,9174000.00,37919402.00,0.41,0.52,0.01
Poland,2013,319.91,23627.00,18282999.00,98.74,22.00,60.53,15800000.00,23025350.00,0.56,0.47,3.60
Nigeria,2013,95.87,5372.00,52794893.00,51.08,143.00,46.12,600000.00,79214937.00,0.10,0.09,0.00
Malaysia,2013,233.83,21152.00,13887410.00,93.12,88.00,72.93,25715000.00,21491648.00,0.96,1.53,0.81
Netherlands,2013,164.76,48629.00,8987420.00,100.00,77.00,89.19,12783000.00,14987369.00,1.46,2.76,0.78
Argentina,2013,188.43,19876.00,18988880.00,99.12,83.00,91.25,5246000.00,38509756.00,0.73,1.19,0.04
South Africa,2013,464.62,11993.00,20164666.00,93.73,134.00,63.79,9537000.00,34249974.00,0.48,0.09,3.57
Colombia,2013,89.00,12293.00,24392594.00,94.19,39.00,79.06,2288000.00,36761204.00,0.27,0.24,0.13
UAE,2013,168.21,71240.00,6638849.00,90.03,67.00,85.07,14000000.00,7824294.00,1.70,7.32,0.29
Algeria,2013,132.43,12998.00,12009870.00,75.14,48.00,69.58,2733000.00,26536378.00,0.45,0.91,0.01
Belgium,2013,101.97,39398.00,4957316.00,100.00,56.00,97.79,7684000.00,10912673.00,1.90,1.63,0.47
Norway,2013,44.30,79894.00,2697615.00,100.00,29.00,80.29,4778000.00,4078226.00,1.63,1.15,0.22
China,2014,9820.36,11708.00,783840531.00,95.12,2965.00,54.26,55622000.00,740239259.00,0.35,0.13,2.81
USA,2014,5568.76,51664.00,179153969.00,100.00,2497.00,81.46,91783000.00,288277522.00,2.06,2.12,2.35
India,2014,2207.53,5312.00,481086348.00,69.30,824.00,32.38,13107000.00,419568459.00,0.13,0.04,0.69
Russia,2014,1667.11,23798.00,75293857.00,99.68,724.00,73.95,32421000.00,106354643.00,1.06,3.23,1.38
United Kingdom,2014,438.69,38220.00,33145552.00,100.00,191.00,82.37,32613000.00,53218629.00,0.85,1.12,0.76
Australia,2014,393.46,43887.00,12331873.00,100.00,125.00,85.60,6922000.00,20095657.00,1.98,1.64,4.73
Japan,2014,1264.17,35550.00,66176723.00,100.00,439.00,91.30,13413000.00,116208079.00,1.37,1.04,1.49
Brazil,2014,519.53,14825.00,100015727.00,91.73,302.00,85.49,6430000.00,173346772.00,0.61,0.20,0.15
Germany,2014,793.64,46038.00,42415215.00,100.00,306.00,77.19,32999000.00,62510392.00,1.20,0.98,2.95
Indonesia,2014,460.02,9720.00,123295987.00,95.12,225.00,52.64,9435000.00,134287151.00,0.30,0.17,0.32
France,2014,343.57,38134.00,30131595.00,100.00,244.47,79.39,83701000.00,52651004.00,1.03,0.56,0.20
Mexico,2014,482.53,15531.00,53057168.00,94.56,188.00,78.99,29346000.00,95072126.00,0.71,0.60,0.19
Italy,2014,348.48,34371.00,25404369.00,100.00,147.00,69.27,48576000.00,42109853.00,0.88,1.02,0.35
Turkey,2014,357.56,20222.00,28705631.00,95.44,121.00,73.08,39811000.00,56438761.00,0.41,0.63,1.25
South Korea,2014,586.55,34538.00,27128826.00,100.00,277.00,81.71,14202000.00,41463573.00,1.83,0.90,2.58
Spain,2014,255.20,32300.00,358529.00,100.00,115.00,54.22,693000.00,25200075.00,0.98,0.59,0.50
Saudi Arabia,2014,601.90,46824.00,12472996.00,94.43,213.00,82.96,18260000.00,25648738.00,3.45,2.75,0.00
Canada,2014,568.01,42833.00,19543179.00,100.00,280.00,81.22,16537000.00,28781576.00,2.89,3.14,1.19
Iran,2014,639.11,15261.00,24589751.00,84.71,237.00,72.83,4968000.00,56418308.00,1.08,2.23,0.03
Thailand,2014,313.19,13587.00,39003703.00,93.70,134.00,46.94,24810000.00,32127193.00,0.73,0.71,0.53
Egypt,2014,197.10,11092.00,30228330.00,75.06,80.00,42.84,9628300.00,38737018.00,0.43,0.47,0.01
Poland,2014,307.56,24356.00,18405024.00,98.74,21.00,60.40,16000000.00,22960228.00,0.56,0.46,3.43
Nigeria,2014,93.99,5531.00,54234993.00,51.08,146.00,46.98,600000.00,82878551.00,0.11,0.09,0.00
Malaysia,2014,240.06,21339.00,14240932.00,93.12,90.00,73.58,27437000.00,21974918.00,0.99,1.52,0.82
Netherlands,2014,157.35,47747.00,8966901.00,100.00,73.00,89.69,13925000.00,15126226.00,1.43,2.42,0.87
Argentina,2014,202.67,19000.00,19062763.00,98.99,84.00,91.38,5931000.00,38990109.00,0.74,1.18,0.04
South Africa,2014,488.01,12050.00,20590359.00,94.14,142.00,64.31,9549000.00,35079618.00,0.46,0.09,3.65
Colombia,2014,83.42,12619.00,24825646.00,94.25,39.00,79.42,2552000.00,37300597.00,0.28,0.25,0.14
UAE,2014,208.81,67250.00,6649434.00,90.03,74.00,85.38,15500000.00,7866602.00,1.78,7.18,0.32
Algeria,2014,143.18,12782.00,11592454.00,75.14,52.00,70.22,2301000.00,27332602.00,0.46,0.97,0.01
Belgium,2014,96.39,39182.00,4983423.00,100.00,53.00,97.83,7887000.00,10966157.00,1.89,1.42,0.46
Norway,2014,43.95,75846.00,2722748.00,100.00,29.00,80.69,4855000.00,4145335.00,1.57,1.21,0.23
China,2015,9716.47,12002.00,785372420.00,95.12,2994.00,55.50,56886000.00,761027100.00,0.37,0.14,2.75
USA,2015,5420.80,52591.00,180334436.00,100.00,2474.00,81.63,95965000.00,291030813.00,2.09,2.15,2.03
India,2015,2276.41,5639.00,489465316.00,69.30,837.00,32.78,13284000.00,429428653.00,0.15,0.04,0.68
Russia,2015,1671.90,23118.00,75095953.00,99.68,709.00,74.05,33729000.00,106703732.00,1.05,3.09,1.54
United Kingdom,2015,422.66,38749.00,33419732.00,100.00,180.00,82.63,34436000.00,53813373.00,0.88,1.12,0.59
Australia,2015,403.00,44336.00,12564482.00,100.00,125.00,85.70,7450000.00,20410546.00,1.90,1.68,4.87
Japan,2015,1223.67,36030.00,66364640.00,100.00,432.00,91.38,19737000.00,116182717.00,1.34,0.99,1.49
Brazil,2015,512.08,15377.00,101678651.00,92.05,296.00,85.77,6306000.00,175375436.00,0.57,0.20,0.15
Germany,2015,797.08,46426.00,42731868.00,100.00,308.00,77.20,34970000.00,63062064.00,1.19,0.99,2.93
Indonesia,2015,459.63,10099.00,124899081.00,95.22,226.00,53.31,10407000.00,137751865.00,0.27,0.17,0.35
France,2015,348.16,38448.00,30218801.00,100.00,248.40,79.66,84452000.00,53044946.00,1.02,0.60,0.19
Mexico,2015,477.27,15766.00,54088799.00,94.47,185.00,79.29,32093000.00,96615320.00,0.69,0.61,0.20
Italy,2015,355.48,34673.00,25344344.00,100.00,153.00,69.57,50732000.00,42247229.00,0.89,1.11,0.33
Turkey,2015,380.86,20808.00,29801373.00,95.60,129.00,73.61,39478000.00,57806283.00,0.47,0.61,1.18
South Korea,2015,590.56,35316.00,27472977.00,100.00,283.00,81.63,13232000.00,41645542.00,1.92,0.87,2.65
Spain,2015,271.73,33376.00,354210.00,100.00,119.00,54.73,755000.00,25417399.00,1.03,0.61,0.56
Saudi Arabia,2015,620.88,47737.00,13088687.00,94.43,222.00,83.18,17994000.00,26382755.00,3.63,2.75,0.00
Canada,2015,565.58,42844.00,19658329.00,100.00,281.00,81.26,17971000.00,29011826.00,2.91,3.09,1.16
Iran,2015,630.36,15039.00,25569719.00,84.71,235.00,73.36,5237000.00,57580319.00,0.98,2.35,0.03
Thailand,2015,320.57,13938.00,38929222.00,92.87,135.00,47.69,29923000.00,32772699.00,0.72,0.70,0.52
Egypt,2015,200.42,11236.00,29805572.00,75.06,79.00,42.79,9139000.00,39551544.00,0.43,0.49,0.01
Poland,2015,310.62,25310.00,18335265.00,98.74,22.00,60.28,16728000.00,22897449.00,0.61,0.48,3.40
Nigeria,2015,103.82,5540.00,55790869.00,51.08,145.00,47.84,1255000.00,86652532.00,0.10,0.09,0.00
Malaysia,2015,245.10,22075.00,14589349.00,93.12,86.00,74.21,25721000.00,22464989.00,0.90,1.47,0.91
Netherlands,2015,165.03,48463.00,9034853.00,100.00,73.00,90.17,15007000.00,15275237.00,1.41,2.35,1.06
Argentina,2015,206.37,19316.00,19403124.00,99.18,86.00,91.50,5736000.00,39467043.00,0.76,1.19,0.04
South Africa,2015,461.12,12054.00,21402228.00,94.37,136.00,64.83,8904000.00,35905874.00,0.47,0.10,3.35
Colombia,2015,86.02,12858.00,25400322.00,94.65,38.00,79.76,2978000.00,37904385.00,0.28,0.24,0.13
UAE,2015,227.48,69237.00,6689739.00,90.03,77.00,85.67,17000000.00,7935897.00,1.64,8.00,0.28
Algeria,2015,150.59,13024.00,11743322.00,75.14,54.00,70.85,1710000.00,28146511.00,0.46,1.02,0.01
Belgium,2015,100.23,39531.00,5000910.00,100.00,53.00,97.88,8355000.00,11034732.00,1.97,1.53,0.43
Norway,2015,44.66,76305.00,2762074.00,100.00,29.00,81.09,5361000.00,4207493.00,1.56,1.24,0.22
China,2016,9704.48,12320.00,786329395.00,95.12,2965.00,56.74,59270000.00,782199374.00,0.38,0.15,2.70
USA,2016,5310.86,53015.00,182487174.00,100.00,2454.00,81.81,96622000.00,293894230.00,2.08,2.16,1.85
India,2016,2377.45,5961.00,497650374.00,69.30,862.00,33.18,14570000.00,439498772.00,0.15,0.04,0.68
Russia,2016,1668.07,23064.00,75037803.00,99.68,732.00,74.16,24571000.00,107050095.00,1.01,3.05,1.49
United Kingdom,2016,398.55,39162.00,33704852.00,100.00,181.00,82.89,35814000.00,54369540.00,0.88,1.24,0.29
Australia,2016,413.37,44783.00,12722249.00,100.00,130.00,85.80,8269000.00,20755798.00,1.92,1.83,4.84
Japan,2016,1204.32,36452.00,66858484.00,100.00,428.00,91.46,24040000.00,116145370.00,1.31,1.03,1.50
Brazil,2016,473.74,13479.00,102586090.00,92.81,285.00,86.04,6547000.00,177386818.00,0.53,0.17,0.13
Germany,2016,801.75,46841.00,43182140.00,100.00,310.00,77.22,35555000.00,63592936.00,1.18,1.08,2.83
Indonesia,2016,464.86,10511.00,126258452.00,95.38,230.00,53.99,11519000.00,141210511.00,0.26,0.16,0.36
France,2016,350.10,38758.00,30293589.00,100.00,244.03,79.92,82682000.00,53432321.00,1.00,0.65,0.18
Mexico,2016,504.98,15803.00,54926772.00,94.86,185.00,79.58,35079000.00,98145001.00,0.70,0.61,0.17
Italy,2016,350.32,34989.00,25585208.00,100.00,151.00,69.86,52372000.00,42351339.00,0.86,1.17,0.29
Turkey,2016,402.82,18784.00,30860568.00,96.17,137.00,74.13,30289000.00,59175037.00,0.51,0.58,1.34
South Korea,2016,595.07,36151.00,27772753.00,100.00,293.00,81.56,17242000.00,41797024.00,2.00,0.83,2.63
Spain,2016,260.99,31556.00,352443.00,100.00,120.00,55.24,792000.00,25675199.00,1.06,0.62,0.42
Saudi Arabia,2016,631.55,47474.00,13489724.00,94.43,210.00,83.40,18044000.00,27057429.00,3.48,2.80,0.00
Canada,2016,558.19,42969.00,19858454.00,100.00,281.00,81.30,19971000.00,29357013.00,2.93,3.04,1.10
Iran,2016,637.56,15529.00,26797189.00,85.54,248.00,73.88,4942000.00,58781895.00,0.92,2.47,0.03
Thailand,2016,324.83,14341.00,38680833.00,92.87,139.00,48.45,32530000.00,33415230.00,0.75,0.68,0.50
Egypt,2016,208.91,11430.00,30158022.00,75.06,86.00,42.73,5258000.00,40359123.00,0.43,0.51,0.01
Poland,2016,322.23,26002.00,18397704.00,98.74,22.00,60.18,17471000.00,22849639.00,0.67,0.50,3.37
Nigeria,2016,101.57,5323.00,57369993.00,51.08,150.00,48.68,1889000.00,90531047.00,0.10,0.09,0.00
Malaysia,2016,251.09,22687.00,14863891.00,93.73,90.00,74.84,26757000.00,22964507.00,0.90,1.38,0.98
Netherlands,2016,165.52,49254.00,9051897.00,100.00,74.00,90.64,15828000.00,15435425.00,1.43,2.44,0.96
Argentina,2016,207.06,18695.00,19726497.00,99.13,86.00,91.63,6655000.00,39940546.00,0.73,1.21,0.03
South Africa,2016,468.05,11949.00,21768982.00,94.37,140.00,65.34,10044000.00,36724030.00,0.47,0.10,3.34
Colombia,2016,86.37,12963.00,25765419.00,94.65,40.00,80.11,3317000.00,38589139.00,0.30,0.29,0.14
UAE,2016,233.43,70284.00,6703607.00,90.03,74.00,85.97,19300000.00,8047166.00,1.77,7.96,0.30
Algeria,2016,150.38,13328.00,11899694.00,75.14,54.00,71.46,2039000.00,28977628.00,0.44,1.00,0.00
Belgium,2016,100.24,39733.00,5005505.00,100.00,56.00,97.92,7481000.00,11095615.00,1.93,1.55,0.40
Norway,2016,44.03,76397.00,2769721.00,100.00,28.00,81.49,5960000.00,4265348.00,1.51,1.18,0.22
